policy,seed,rounds,S,k,top_gap_lambda,transition_dominance,context_noise_level,transition_variant,trust_scale_mult,gate_scale_mult,gate_mode,beta_gate_concentration,trust_floor,trust_cap,support_mask_enabled,avg_reward,cum_reward,oracle_cum_reward,reward_pct_oracle,cum_regret,top1_agreement,top2_agreement,transition_l1_error,off_support_leakage,runtime_seconds,policy_label,experiment_id
oracle,20261640,1000,8,2,0.0,0.45,0.0,dense,1.0,1.0,deterministic,20.0,0.1,0.95,False,44.18079942821165,44180.79942821165,44180.79942821165,100.0,0.0,1.0,1.0,0.11264991519805383,0.02275575387518249,0.1935367079999999,oracle,context_noise_refinement
state_thompson,20262538,1000,8,2,0.0,0.45,0.0,dense,1.0,1.0,deterministic,20.0,0.1,0.95,False,41.56152206140055,41561.52206140055,42466.162649377125,97.86973785353351,904.6405879765734,0.672,0.881,0.10336992671269123,0.020737652099303623,0.2325913749999997,state_thompson,context_noise_refinement
global_ucb_tw,20262374,1000,8,2,0.0,0.45,0.0,dense,1.0,1.0,deterministic,20.0,0.1,0.95,False,40.45534205200115,40455.34205200115,44570.178027760805,90.76773717799219,4114.835975759655,0.68,0.837,0.11244925440655006,0.01502014022446454,4.7822460840000005,global_ucb_tw_dense,context_noise_refinement
local_ucb_tw,20262272,1000,8,2,0.0,0.45,0.0,dense,1.0,1.0,deterministic,20.0,0.1,0.95,False,42.44854308247244,42448.54308247244,44606.579455432526,95.16206712259515,2158.0363729600867,0.757,0.921,0.11179256366474948,0.013884378860174879,4.903803291,local_ucb_tw_dense,context_noise_refinement
exp4,20261395,1000,8,2,0.0,0.45,0.0,dense,1.0,1.0,deterministic,20.0,0.1,0.95,False,41.861984020833724,41861.98402083373,42414.245572832675,98.6979338084639,552.2615519989486,0.663,0.841,0.10802671204502613,0.030260919602936944,4.814482582999998,exp4_dense,context_noise_refinement
tw,20261245,1000,8,2,0.0,0.45,0.0,dense,1.0,1.0,deterministic,20.0,0.1,0.95,False,39.84793972172038,39847.93972172038,42867.25952705049,92.95658309245351,3019.3198053301094,0.69,0.873,0.12962078530574214,0.016636268458177856,4.592683167000001,tw_dense,context_noise_refinement
tm_tw,20261565,1000,8,2,0.0,0.45,0.0,dense,1.0,1.0,deterministic,20.0,0.1,0.95,False,40.73290135703238,40732.90135703238,44177.53722724929,92.20274355155269,3444.635870216909,0.695,0.883,0.11577665231262406,0.013635624506484863,4.695297,tm_tw_dense,context_noise_refinement
tm_tw_refined,20262393,1000,8,2,0.0,0.45,0.0,dense,1.0,1.0,deterministic,20.0,0.1,0.95,False,42.02183436864748,42021.834368647484,43801.709320156886,95.9365171379503,1779.8749515094023,0.736,0.909,0.11831449765736368,0.011711613411815891,4.683856375000001,tm_tw_refined_dense,context_noise_refinement
tw,20262069,1000,8,2,0.0,0.45,0.0,gated_offline,1.0,1.0,deterministic,20.0,0.1,0.95,False,39.5222055494229,39522.2055494229,44045.99740592101,89.72939172018843,4523.791856498108,0.702,0.892,0.06418947159339485,0.011567795834716217,4.640737458000004,tw_gated_offline,context_noise_refinement
tm_tw,20262389,1000,8,2,0.0,0.45,0.0,gated_offline,1.0,1.0,deterministic,20.0,0.1,0.95,False,39.65364075734514,39653.640757345136,44300.84868022719,89.50988962666027,4647.207922882051,0.685,0.86,0.07403903809559163,0.015195039070136394,4.678123124999999,tm_tw_gated_offline,context_noise_refinement
tm_tw_refined,20263217,1000,8,2,0.0,0.45,0.0,gated_offline,1.0,1.0,deterministic,20.0,0.1,0.95,False,43.209370105983496,43209.37010598349,44322.05725795387,97.48954082728031,1112.6871519703782,0.805,0.939,0.06889904193616758,0.012983173833314985,4.663320374999998,tm_tw_refined_gated_offline,context_noise_refinement
tw,20263025,1000,8,2,0.0,0.45,0.0,gated_offline_low_rank,1.0,1.0,deterministic,20.0,0.1,0.95,False,40.89152390723667,40891.52390723667,45726.97586797581,89.42538431865647,4835.451960739141,0.64,0.851,0.06796909976745888,0.01491115368203784,4.990560792000004,tw_gated_offline_low_rank,context_noise_refinement
tm_tw,20263345,1000,8,2,0.0,0.45,0.0,gated_offline_low_rank,1.0,1.0,deterministic,20.0,0.1,0.95,False,36.26778539119354,36267.78539119354,43597.105331705956,83.18851702481685,7329.319940512418,0.534,0.661,0.06603037693706827,0.01747943149631891,5.082654834000003,tm_tw_gated_offline_low_rank,context_noise_refinement
tm_tw_refined,20264173,1000,8,2,0.0,0.45,0.0,gated_offline_low_rank,1.0,1.0,deterministic,20.0,0.1,0.95,False,41.613317103430965,41613.31710343096,44651.04006121804,93.19674759283937,3037.722957787075,0.743,0.911,0.06712264617941244,0.012583273117490957,5.090819750000001,tm_tw_refined_gated_offline_low_rank,context_noise_refinement
tw,20262349,1000,8,2,0.0,0.45,0.0,support_offline,1.0,1.0,deterministic,20.0,0.1,0.95,True,41.268816670269835,41268.816670269836,44425.37666698702,92.89469165252378,3156.55999671718,0.701,0.902,0.057597996892237525,1.1658308818531603e-07,4.5616109160000065,tw_support_offline,context_noise_refinement
tm_tw,20262669,1000,8,2,0.0,0.45,0.0,support_offline,1.0,1.0,deterministic,20.0,0.1,0.95,True,41.08553385320613,41085.53385320613,45018.49714875634,91.26367261316084,3932.9632955502093,0.721,0.896,0.05716823456201196,1.1373437046105059e-07,4.673543834,tm_tw_support_offline,context_noise_refinement
tm_tw_refined,20263497,1000,8,2,0.0,0.45,0.0,support_offline,1.0,1.0,deterministic,20.0,0.1,0.95,True,40.96263682381585,40962.63682381585,44283.457771700865,92.50098995203764,3320.8209478850185,0.706,0.885,0.055885101947653955,1.227914309641812e-07,4.780876124999992,tm_tw_refined_support_offline,context_noise_refinement
oracle,20261641,1000,8,2,0.0,0.45,0.0,dense,1.0,1.0,deterministic,20.0,0.1,0.95,False,43.383888702131884,43383.88870213188,43383.88870213188,100.0,0.0,1.0,1.0,0.10769113017198681,0.02286038089188334,0.19716912499998784,oracle,context_noise_refinement
state_thompson,20262539,1000,8,2,0.0,0.45,0.0,dense,1.0,1.0,deterministic,20.0,0.1,0.95,False,42.12578269031758,42125.78269031758,43328.76756449705,97.22358852605544,1202.9848741794704,0.72,0.893,0.10683796016697839,0.02156795079773456,0.21822891600000105,state_thompson,context_noise_refinement
global_ucb_tw,20262375,1000,8,2,0.0,0.45,0.0,dense,1.0,1.0,deterministic,20.0,0.1,0.95,False,42.21681942996712,42216.819429967116,43704.92858803356,96.59509989801496,1488.1091580664433,0.79,0.92,0.10054526942683774,0.01940029235275186,4.753131665999987,global_ucb_tw_dense,context_noise_refinement
local_ucb_tw,20262273,1000,8,2,0.0,0.45,0.0,dense,1.0,1.0,deterministic,20.0,0.1,0.95,False,42.08195276241817,42081.95276241817,43910.89326822899,95.83488203111979,1828.9405058108168,0.814,0.928,0.10582166739443259,0.02244568190820042,4.830650124999991,local_ucb_tw_dense,context_noise_refinement
exp4,20261396,1000,8,2,0.0,0.45,0.0,dense,1.0,1.0,deterministic,20.0,0.1,0.95,False,42.361998196828175,42361.99819682817,42833.45960995025,98.89931512090011,471.46141312208056,0.688,0.912,0.11940872756372072,0.025581320462153844,4.759343833000003,exp4_dense,context_noise_refinement
tw,20261246,1000,8,2,0.0,0.45,0.0,dense,1.0,1.0,deterministic,20.0,0.1,0.95,False,38.62466463760055,38624.66463760055,42003.899704366,91.95494920578957,3379.2350667654464,0.687,0.926,0.10863874652281114,0.019648047292899047,4.672568333000001,tw_dense,context_noise_refinement
tm_tw,20261566,1000,8,2,0.0,0.45,0.0,dense,1.0,1.0,deterministic,20.0,0.1,0.95,False,41.16195663349556,41161.95663349557,43511.50628433895,94.60016475759411,2349.549650843386,0.771,0.917,0.10947684484635167,0.02395088613675628,4.700213750000003,tm_tw_dense,context_noise_refinement
tm_tw_refined,20262394,1000,8,2,0.0,0.45,0.0,dense,1.0,1.0,deterministic,20.0,0.1,0.95,False,42.51582548867404,42515.82548867404,43237.757263602834,98.33032094951763,721.9317749287948,0.847,0.971,0.11885036038274356,0.01977105049890557,4.900351999999998,tm_tw_refined_dense,context_noise_refinement
tw,20262070,1000,8,2,0.0,0.45,0.0,gated_offline,1.0,1.0,deterministic,20.0,0.1,0.95,False,42.8448115858854,42844.8115858854,44010.37222861347,97.35162284773797,1165.5606427280727,0.823,0.959,0.06651776430759089,0.01262946293444476,4.588776166999992,tw_gated_offline,context_noise_refinement
tm_tw,20262390,1000,8,2,0.0,0.45,0.0,gated_offline,1.0,1.0,deterministic,20.0,0.1,0.95,False,42.68132628882741,42681.326288827404,43783.30338041317,97.48311112569286,1101.9770915857662,0.835,0.947,0.06730935974213072,0.014021526023615553,4.651374707999992,tm_tw_gated_offline,context_noise_refinement
tm_tw_refined,20263218,1000,8,2,0.0,0.45,0.0,gated_offline,1.0,1.0,deterministic,20.0,0.1,0.95,False,42.17569358381475,42175.69358381475,43303.328115687575,97.39596335676491,1127.6345318728272,0.861,0.933,0.07074571202608138,0.013863410256381662,4.778308916,tm_tw_refined_gated_offline,context_noise_refinement
tw,20263026,1000,8,2,0.0,0.45,0.0,gated_offline_low_rank,1.0,1.0,deterministic,20.0,0.1,0.95,False,42.66443093870649,42664.430938706486,43381.731825329094,98.34653699508648,717.3008866226082,0.83,0.962,0.07124799456991208,0.012807577979705127,5.047228749999988,tw_gated_offline_low_rank,context_noise_refinement
tm_tw,20263346,1000,8,2,0.0,0.45,0.0,gated_offline_low_rank,1.0,1.0,deterministic,20.0,0.1,0.95,False,40.61712503602652,40617.12503602652,43303.89219391794,93.7955527280091,2686.7671578914233,0.724,0.927,0.06938729300370795,0.013464523619740553,5.098818250000008,tm_tw_gated_offline_low_rank,context_noise_refinement
tm_tw_refined,20264174,1000,8,2,0.0,0.45,0.0,gated_offline_low_rank,1.0,1.0,deterministic,20.0,0.1,0.95,False,42.76992335086338,42769.92335086338,43548.07492790456,98.21312060675598,778.1515770411861,0.864,0.964,0.06748125925979613,0.014027663603225653,5.253983958999996,tm_tw_refined_gated_offline_low_rank,context_noise_refinement
tw,20262350,1000,8,2,0.0,0.45,0.0,support_offline,1.0,1.0,deterministic,20.0,0.1,0.95,True,40.50323975798864,40503.23975798864,43487.213218978235,93.13827389682592,2983.973460989597,0.734,0.91,0.06663645422115676,1.215495518158258e-07,4.633989291999995,tw_support_offline,context_noise_refinement
tm_tw,20262670,1000,8,2,0.0,0.45,0.0,support_offline,1.0,1.0,deterministic,20.0,0.1,0.95,True,39.2386827885705,39238.6827885705,42946.99276357155,91.36537918867626,3708.3099750010515,0.629,0.868,0.055556232090520206,1.3369783488162547e-07,4.662808291999994,tm_tw_support_offline,context_noise_refinement
tm_tw_refined,20263498,1000,8,2,0.0,0.45,0.0,support_offline,1.0,1.0,deterministic,20.0,0.1,0.95,True,43.13290738505836,43132.90738505836,44004.40389373562,98.01952433946883,871.4965086772645,0.88,0.965,0.05333728316517263,1.2040234023981415e-07,4.676447207999985,tm_tw_refined_support_offline,context_noise_refinement
oracle,20261642,1000,8,2,0.0,0.45,0.0,dense,1.0,1.0,deterministic,20.0,0.1,0.95,False,40.34155162689407,40341.55162689407,40341.55162689407,100.0,0.0,1.0,1.0,0.10828296968568323,0.02436805190330207,0.1913575000000094,oracle,context_noise_refinement
state_thompson,20262540,1000,8,2,0.0,0.45,0.0,dense,1.0,1.0,deterministic,20.0,0.1,0.95,False,38.065292293755554,38065.292293755556,38354.26374616085,99.24657280786882,288.9714524052906,0.537,0.751,0.09404979592902873,0.02420315134182065,0.230149707999999,state_thompson,context_noise_refinement
global_ucb_tw,20262376,1000,8,2,0.0,0.45,0.0,dense,1.0,1.0,deterministic,20.0,0.1,0.95,False,37.79962329636614,37799.623296366146,40155.10488211185,94.13404200372288,2355.481585745707,0.692,0.855,0.11429062937566652,0.012918712481487009,4.64328066600001,global_ucb_tw_dense,context_noise_refinement
local_ucb_tw,20262274,1000,8,2,0.0,0.45,0.0,dense,1.0,1.0,deterministic,20.0,0.1,0.95,False,39.03940178352085,39039.40178352085,40656.03400243775,96.02363521532875,1616.6322189169005,0.76,0.914,0.09637269392670735,0.017695774496025798,4.635358666999991,local_ucb_tw_dense,context_noise_refinement
exp4,20261397,1000,8,2,0.0,0.45,0.0,dense,1.0,1.0,deterministic,20.0,0.1,0.95,False,33.801174876815274,33801.174876815276,39606.440625958145,85.3426219135226,5805.265749142869,0.518,0.654,0.15219794836218492,0.05985852420090559,4.725377334000001,exp4_dense,context_noise_refinement
tw,20261247,1000,8,2,0.0,0.45,0.0,dense,1.0,1.0,deterministic,20.0,0.1,0.95,False,39.33725845342821,39337.258453428214,40363.41815771804,97.45769870063987,1026.1597042898284,0.795,0.92,0.11074469449324606,0.017940159851147146,4.5566715000000215,tw_dense,context_noise_refinement
tm_tw,20261567,1000,8,2,0.0,0.45,0.0,dense,1.0,1.0,deterministic,20.0,0.1,0.95,False,39.145991938588764,39145.99193858876,40241.601127711874,97.27742147822087,1095.6091891231117,0.752,0.891,0.10183586597790457,0.016509661559721542,4.699913207999998,tm_tw_dense,context_noise_refinement
tm_tw_refined,20262395,1000,8,2,0.0,0.45,0.0,dense,1.0,1.0,deterministic,20.0,0.1,0.95,False,39.05183576039136,39051.83576039136,39945.443260549546,97.76293006857,893.6075001581848,0.696,0.849,0.10159194908257299,0.017437486231918948,4.647738750000002,tm_tw_refined_dense,context_noise_refinement
tw,20262071,1000,8,2,0.0,0.45,0.0,gated_offline,1.0,1.0,deterministic,20.0,0.1,0.95,False,39.232241301670506,39232.2413016705,40841.385316638785,96.06001607807187,1609.1440149682821,0.739,0.896,0.07829531185541633,0.013173227555394677,4.5681735410000215,tw_gated_offline,context_noise_refinement
tm_tw,20262391,1000,8,2,0.0,0.45,0.0,gated_offline,1.0,1.0,deterministic,20.0,0.1,0.95,False,37.70522344807844,37705.22344807844,40053.64747843724,94.13680356670869,2348.4240303588012,0.695,0.858,0.06900472505635687,0.013678330668694847,4.67962991600001,tm_tw_gated_offline,context_noise_refinement
tm_tw_refined,20263219,1000,8,2,0.0,0.45,0.0,gated_offline,1.0,1.0,deterministic,20.0,0.1,0.95,False,40.26351889056096,40263.51889056096,40342.38079498409,99.80451846700893,78.86190442313091,0.806,0.938,0.07035172050395627,0.014067316964064519,4.671358999999995,tm_tw_refined_gated_offline,context_noise_refinement
tw,20263027,1000,8,2,0.0,0.45,0.0,gated_offline_low_rank,1.0,1.0,deterministic,20.0,0.1,0.95,False,38.06447741882848,38064.47741882848,39851.117994112996,95.51671153730632,1786.6405752845167,0.696,0.885,0.07342387792313568,0.012938193249315747,4.992599291000005,tw_gated_offline_low_rank,context_noise_refinement
tm_tw,20263347,1000,8,2,0.0,0.45,0.0,gated_offline_low_rank,1.0,1.0,deterministic,20.0,0.1,0.95,False,39.22308983264115,39223.08983264115,40102.785016676426,97.80639877337829,879.6951840352776,0.772,0.931,0.06954576262469823,0.014199072288315441,5.091249999999974,tm_tw_gated_offline_low_rank,context_noise_refinement
tm_tw_refined,20264175,1000,8,2,0.0,0.45,0.0,gated_offline_low_rank,1.0,1.0,deterministic,20.0,0.1,0.95,False,39.396673933094704,39396.6739330947,40691.464054886164,96.8180301400682,1294.7901217914623,0.768,0.898,0.07196033259168641,0.014494437005182985,5.093382749999989,tm_tw_refined_gated_offline_low_rank,context_noise_refinement
tw,20262351,1000,8,2,0.0,0.45,0.0,support_offline,1.0,1.0,deterministic,20.0,0.1,0.95,True,37.88733009609529,37887.33009609529,40012.265844798385,94.6892891371226,2124.935748703094,0.741,0.88,0.048935183792742594,1.1834158005242263e-07,4.568267667000015,tw_support_offline,context_noise_refinement
tm_tw,20262671,1000,8,2,0.0,0.45,0.0,support_offline,1.0,1.0,deterministic,20.0,0.1,0.95,True,39.53704528272581,39537.04528272581,40562.942615520515,97.47085081445209,1025.8973327947024,0.776,0.933,0.07300805129781027,1.0288083420511963e-07,4.682268958000009,tm_tw_support_offline,context_noise_refinement
tm_tw_refined,20263499,1000,8,2,0.0,0.45,0.0,support_offline,1.0,1.0,deterministic,20.0,0.1,0.95,True,39.215308271094734,39215.308271094735,40735.015055516065,96.26928630724652,1519.7067844213307,0.761,0.904,0.06136659412147518,1.1770555356359195e-07,4.674080500000002,tm_tw_refined_support_offline,context_noise_refinement
oracle,20261643,1000,8,2,0.0,0.45,0.0,dense,1.0,1.0,deterministic,20.0,0.1,0.95,False,50.94679688125427,50946.796881254275,50946.796881254275,100.0,0.0,1.0,1.0,0.1154076401187872,0.023476892653749335,0.20166520800000853,oracle,context_noise_refinement
state_thompson,20262541,1000,8,2,0.0,0.45,0.0,dense,1.0,1.0,deterministic,20.0,0.1,0.95,False,47.379213186356964,47379.21318635697,48724.113612255474,97.23976420258525,1344.9004258985078,0.689,0.833,0.103966344141658,0.027340344753626324,0.21413641700002017,state_thompson,context_noise_refinement
global_ucb_tw,20262377,1000,8,2,0.0,0.45,0.0,dense,1.0,1.0,deterministic,20.0,0.1,0.95,False,48.67056755700018,48670.567557000184,50355.495012329375,96.65393527574966,1684.9274553291907,0.812,0.911,0.10210708991527767,0.015531499490309984,4.746301375000002,global_ucb_tw_dense,context_noise_refinement
local_ucb_tw,20262275,1000,8,2,0.0,0.45,0.0,dense,1.0,1.0,deterministic,20.0,0.1,0.95,False,48.89631067397826,48896.31067397826,50549.1158108397,96.73029862075845,1652.8051368614397,0.817,0.929,0.11364752269737441,0.011573264230548887,4.874592250000006,local_ucb_tw_dense,context_noise_refinement
exp4,20261398,1000,8,2,0.0,0.45,0.0,dense,1.0,1.0,deterministic,20.0,0.1,0.95,False,43.838901622373,43838.901622373,45793.4387996798,95.73184013138477,1954.5371773068036,0.598,0.783,0.1109688442540183,0.025901176911417054,4.79115975000002,exp4_dense,context_noise_refinement
tw,20261248,1000,8,2,0.0,0.45,0.0,dense,1.0,1.0,deterministic,20.0,0.1,0.95,False,47.76766596507571,47767.66596507571,49955.26023584907,95.62089305421435,2187.594270773363,0.744,0.87,0.11765933195694275,0.016959414839163352,4.863236666000006,tw_dense,context_noise_refinement
tm_tw,20261568,1000,8,2,0.0,0.45,0.0,dense,1.0,1.0,deterministic,20.0,0.1,0.95,False,48.4164815594241,48416.4815594241,50037.247035232285,96.76088199922955,1620.7654758081844,0.779,0.871,0.107822491574273,0.014086359078052437,4.950926333000012,tm_tw_dense,context_noise_refinement
tm_tw_refined,20262396,1000,8,2,0.0,0.45,0.0,dense,1.0,1.0,deterministic,20.0,0.1,0.95,False,48.2554321422215,48255.4321422215,49279.73391057196,97.92145434427617,1024.3017683504586,0.785,0.894,0.1132967925683673,0.019063634525208463,4.874686459000003,tm_tw_refined_dense,context_noise_refinement
tw,20262072,1000,8,2,0.0,0.45,0.0,gated_offline,1.0,1.0,deterministic,20.0,0.1,0.95,False,49.34386902931846,49343.86902931846,51590.12552158724,95.64595652838865,2246.2564922687743,0.795,0.905,0.06950873289657832,0.014456157118848414,4.6378445,tw_gated_offline,context_noise_refinement
tm_tw,20262392,1000,8,2,0.0,0.45,0.0,gated_offline,1.0,1.0,deterministic,20.0,0.1,0.95,False,44.43364474961567,44433.64474961567,49534.95200395826,89.70160049022566,5101.307254342588,0.627,0.828,0.07255694310149213,0.012983246048189366,4.666666624999976,tm_tw_gated_offline,context_noise_refinement
tm_tw_refined,20263220,1000,8,2,0.0,0.45,0.0,gated_offline,1.0,1.0,deterministic,20.0,0.1,0.95,False,45.28326193942863,45283.26193942863,49006.58256930608,92.40240711620352,3723.320629877453,0.623,0.811,0.06417619851063246,0.01515040128228654,4.674204832999976,tm_tw_refined_gated_offline,context_noise_refinement
tw,20263028,1000,8,2,0.0,0.45,0.0,gated_offline_low_rank,1.0,1.0,deterministic,20.0,0.1,0.95,False,46.78595672348609,46785.95672348609,47902.59939090695,97.66893095235073,1116.6426674208633,0.685,0.846,0.07016076225440152,0.012359774004697635,5.038388124999983,tw_gated_offline_low_rank,context_noise_refinement
tm_tw,20263348,1000,8,2,0.0,0.45,0.0,gated_offline_low_rank,1.0,1.0,deterministic,20.0,0.1,0.95,False,39.52328079414357,39523.28079414357,47182.38952363697,83.76701814634374,7659.108729493404,0.44,0.714,0.06580349726920645,0.01254323773324979,5.101731499999971,tm_tw_gated_offline_low_rank,context_noise_refinement
tm_tw_refined,20264176,1000,8,2,0.0,0.45,0.0,gated_offline_low_rank,1.0,1.0,deterministic,20.0,0.1,0.95,False,46.76394137733524,46763.94137733524,48284.43320742974,96.85096887528437,1520.4918300944992,0.708,0.862,0.06481731125419611,0.01429612672684361,5.107995709000022,tm_tw_refined_gated_offline_low_rank,context_noise_refinement
tw,20262352,1000,8,2,0.0,0.45,0.0,support_offline,1.0,1.0,deterministic,20.0,0.1,0.95,True,48.154130339466576,48154.130339466574,49902.477351238005,96.49647251084208,1748.3470117714314,0.813,0.931,0.052250767923228414,1.1753078881738433e-07,4.573213875000022,tw_support_offline,context_noise_refinement
tm_tw,20262672,1000,8,2,0.0,0.45,0.0,support_offline,1.0,1.0,deterministic,20.0,0.1,0.95,True,46.616688983758365,46616.688983758366,50808.29612697096,91.75015211543861,4191.607143212597,0.663,0.817,0.06209011639133365,1.3081974393363547e-07,4.694107250000002,tm_tw_support_offline,context_noise_refinement
tm_tw_refined,20263500,1000,8,2,0.0,0.45,0.0,support_offline,1.0,1.0,deterministic,20.0,0.1,0.95,True,48.79700710986317,48797.007109863174,49848.83507969897,97.88996479425423,1051.8279698357946,0.809,0.939,0.06037517811652914,1.2089340628089864e-07,4.680225333999999,tm_tw_refined_support_offline,context_noise_refinement
oracle,20261644,1000,8,2,0.0,0.45,0.0,dense,1.0,1.0,deterministic,20.0,0.1,0.95,False,42.6391148551777,42639.1148551777,42639.1148551777,100.0,0.0,1.0,1.0,0.10987134403348743,0.027412139578783783,0.2058634169999891,oracle,context_noise_refinement
state_thompson,20262542,1000,8,2,0.0,0.45,0.0,dense,1.0,1.0,deterministic,20.0,0.1,0.95,False,39.7923929342843,39792.392934284304,41764.24732814589,95.27860665518877,1971.854393861584,0.677,0.856,0.10773216847475488,0.025294279138454258,0.21343162499999835,state_thompson,context_noise_refinement
global_ucb_tw,20262378,1000,8,2,0.0,0.45,0.0,dense,1.0,1.0,deterministic,20.0,0.1,0.95,False,39.441301133469146,39441.30113346915,42203.17934428336,93.45575794590385,2761.8782108142113,0.687,0.874,0.1019233627709735,0.018074546213164656,4.627125042000046,global_ucb_tw_dense,context_noise_refinement
local_ucb_tw,20262276,1000,8,2,0.0,0.45,0.0,dense,1.0,1.0,deterministic,20.0,0.1,0.95,False,41.4838081448645,41483.808144864495,42762.210422000804,97.01043920667257,1278.4022771363088,0.839,0.938,0.12954805152705212,0.0176206159590035,4.638333875000001,local_ucb_tw_dense,context_noise_refinement
exp4,20261399,1000,8,2,0.0,0.45,0.0,dense,1.0,1.0,deterministic,20.0,0.1,0.95,False,40.879926031641006,40879.92603164101,40788.419296930806,100.22434489074963,-91.50673471020127,0.685,0.882,0.11043832403164885,0.021659678626375488,4.716929209,exp4_dense,context_noise_refinement
tw,20261249,1000,8,2,0.0,0.45,0.0,dense,1.0,1.0,deterministic,20.0,0.1,0.95,False,40.33742755537159,40337.42755537159,42297.99015125572,95.36488001232861,1960.5625958841265,0.763,0.911,0.10483829844283263,0.01669344615992037,4.536454542000001,tw_dense,context_noise_refinement
tm_tw,20261569,1000,8,2,0.0,0.45,0.0,dense,1.0,1.0,deterministic,20.0,0.1,0.95,False,41.22246146881671,41222.46146881671,42652.352100447904,96.6475690994397,1429.8906316311914,0.837,0.947,0.12441609766847586,0.016210652430050453,4.631911958999979,tm_tw_dense,context_noise_refinement
tm_tw_refined,20262397,1000,8,2,0.0,0.45,0.0,dense,1.0,1.0,deterministic,20.0,0.1,0.95,False,42.19675328269633,42196.75328269633,42941.64378661067,98.26534236179704,744.8905039143428,0.82,0.938,0.10638803472432404,0.017022864805911257,4.641661999999997,tm_tw_refined_dense,context_noise_refinement
tw,20262073,1000,8,2,0.0,0.45,0.0,gated_offline,1.0,1.0,deterministic,20.0,0.1,0.95,False,39.38385437072228,39383.854370722285,42685.23719172027,92.26575031978888,3301.382820997984,0.645,0.858,0.07765085480111511,0.015014716518241695,4.558897416999969,tw_gated_offline,context_noise_refinement
tm_tw,20262393,1000,8,2,0.0,0.45,0.0,gated_offline,1.0,1.0,deterministic,20.0,0.1,0.95,False,40.88991104008166,40889.91104008166,42329.15860943246,96.59986728621134,1439.2475693508022,0.76,0.926,0.07012079803029901,0.01372430071579937,4.661000541000021,tm_tw_gated_offline,context_noise_refinement
tm_tw_refined,20263221,1000,8,2,0.0,0.45,0.0,gated_offline,1.0,1.0,deterministic,20.0,0.1,0.95,False,40.41739582216319,40417.39582216319,42381.609587491126,95.36541017567282,1964.213765327935,0.714,0.837,0.07440937845419723,0.012046254266246796,4.681438082999989,tm_tw_refined_gated_offline,context_noise_refinement
tw,20263029,1000,8,2,0.0,0.45,0.0,gated_offline_low_rank,1.0,1.0,deterministic,20.0,0.1,0.95,False,38.62474886602387,38624.748866023874,42088.184253312764,91.77100307667399,3463.4353872888896,0.607,0.8,0.07636579089874122,0.015598841281063498,4.9849120000000084,tw_gated_offline_low_rank,context_noise_refinement
tm_tw,20263349,1000,8,2,0.0,0.45,0.0,gated_offline_low_rank,1.0,1.0,deterministic,20.0,0.1,0.95,False,37.98159311349565,37981.59311349565,42126.93440780701,90.15987905936221,4145.341294311365,0.632,0.813,0.07398856724572837,0.014880700550743713,5.097353374999955,tm_tw_gated_offline_low_rank,context_noise_refinement
tm_tw_refined,20264177,1000,8,2,0.0,0.45,0.0,gated_offline_low_rank,1.0,1.0,deterministic,20.0,0.1,0.95,False,41.198066985529174,41198.06698552917,42628.24692497726,96.64499470981036,1430.1799394480913,0.74,0.861,0.07359924604585394,0.01395079126348133,5.087162040999999,tm_tw_refined_gated_offline_low_rank,context_noise_refinement
tw,20262353,1000,8,2,0.0,0.45,0.0,support_offline,1.0,1.0,deterministic,20.0,0.1,0.95,True,39.31647763275979,39316.477632759794,42780.89089036852,91.90196093277551,3464.4132576087286,0.654,0.886,0.05682315508733418,1.2206361207290992e-07,4.5623254590000215,tw_support_offline,context_noise_refinement
tm_tw,20262673,1000,8,2,0.0,0.45,0.0,support_offline,1.0,1.0,deterministic,20.0,0.1,0.95,True,40.096886906877714,40096.88690687771,42350.615641722725,94.67840384208088,2253.728734845012,0.736,0.913,0.06174748677956623,1.3198571698336036e-07,4.654072041999996,tm_tw_support_offline,context_noise_refinement
tm_tw_refined,20263501,1000,8,2,0.0,0.45,0.0,support_offline,1.0,1.0,deterministic,20.0,0.1,0.95,True,42.2618468264683,42261.8468264683,43046.291866094296,98.17767104756388,784.4450396259926,0.833,0.944,0.05315036845802785,1.1846777656658837e-07,4.679965541999991,tm_tw_refined_support_offline,context_noise_refinement
oracle,20261645,1000,8,2,0.0,0.45,0.0,dense,1.0,1.0,deterministic,20.0,0.1,0.95,False,55.57376871463566,55573.76871463566,55573.76871463566,100.0,0.0,1.0,1.0,0.11378069535814077,0.02178238248336008,0.20664700000003222,oracle,context_noise_refinement
state_thompson,20262543,1000,8,2,0.0,0.45,0.0,dense,1.0,1.0,deterministic,20.0,0.1,0.95,False,53.47365167595706,53473.65167595706,53304.471854535135,100.31738391833917,-169.1798214219234,0.724,0.894,0.10725958542429055,0.029865105311295857,0.21306362500001796,state_thompson,context_noise_refinement
global_ucb_tw,20262379,1000,8,2,0.0,0.45,0.0,dense,1.0,1.0,deterministic,20.0,0.1,0.95,False,52.77120330696728,52771.20330696728,55517.21731586344,95.0537614425579,2746.014008896156,0.772,0.904,0.10795684500015855,0.01868768380317644,4.683277416999999,global_ucb_tw_dense,context_noise_refinement
local_ucb_tw,20262277,1000,8,2,0.0,0.45,0.0,dense,1.0,1.0,deterministic,20.0,0.1,0.95,False,51.57388397328078,51573.883973280776,54697.70720089268,94.28893204583734,3123.8232276119015,0.704,0.882,0.11723594681777104,0.015837063703477938,4.626300417000039,local_ucb_tw_dense,context_noise_refinement
exp4,20261400,1000,8,2,0.0,0.45,0.0,dense,1.0,1.0,deterministic,20.0,0.1,0.95,False,54.00387614196702,54003.87614196702,53519.52684602115,100.90499547452907,-484.3492959458672,0.711,0.875,0.11759346554421976,0.035863653726487366,4.710343000000023,exp4_dense,context_noise_refinement
tw,20261250,1000,8,2,0.0,0.45,0.0,dense,1.0,1.0,deterministic,20.0,0.1,0.95,False,54.105405469377,54105.405469376994,56260.46766633062,96.16949114299074,2155.0621969536296,0.762,0.924,0.11462923519465562,0.02021756744956667,4.535285791999968,tw_dense,context_noise_refinement
tm_tw,20261570,1000,8,2,0.0,0.45,0.0,dense,1.0,1.0,deterministic,20.0,0.1,0.95,False,50.672810004902104,50672.8100049021,54336.65925240153,93.25713192914506,3663.8492474994273,0.684,0.878,0.1122597420143141,0.01972657656473772,4.634568124999987,tm_tw_dense,context_noise_refinement
tm_tw_refined,20262398,1000,8,2,0.0,0.45,0.0,dense,1.0,1.0,deterministic,20.0,0.1,0.95,False,53.85938259653607,53859.382596536074,54739.757353852874,98.3917086960656,880.3747573168002,0.83,0.95,0.11182279254844084,0.020593125098576855,4.637040791999993,tm_tw_refined_dense,context_noise_refinement
tw,20262074,1000,8,2,0.0,0.45,0.0,gated_offline,1.0,1.0,deterministic,20.0,0.1,0.95,False,52.609002812777604,52609.0028127776,54318.96704546502,96.85199420074359,1709.9642326874164,0.813,0.932,0.07139359761158302,0.012267026701173685,4.563140540999996,tw_gated_offline,context_noise_refinement
tm_tw,20262394,1000,8,2,0.0,0.45,0.0,gated_offline,1.0,1.0,deterministic,20.0,0.1,0.95,False,54.231212224611646,54231.21222461165,55611.44865873148,97.5180714270008,1380.2364341198336,0.835,0.943,0.07283325923905369,0.013060878251431766,4.666226834000042,tm_tw_gated_offline,context_noise_refinement
tm_tw_refined,20263222,1000,8,2,0.0,0.45,0.0,gated_offline,1.0,1.0,deterministic,20.0,0.1,0.95,False,51.82593871413043,51825.93871413043,53812.25030594237,96.30881150570914,1986.3115918119365,0.734,0.931,0.06684428738253254,0.01342164708387552,4.695716624999989,tm_tw_refined_gated_offline,context_noise_refinement
tw,20263030,1000,8,2,0.0,0.45,0.0,gated_offline_low_rank,1.0,1.0,deterministic,20.0,0.1,0.95,False,53.464128367214265,53464.12836721427,54844.46173050855,97.48318550362134,1380.3333632942813,0.768,0.924,0.0670188504237733,0.013664391438357027,5.118159542000001,tw_gated_offline_low_rank,context_noise_refinement
tm_tw,20263350,1000,8,2,0.0,0.45,0.0,gated_offline_low_rank,1.0,1.0,deterministic,20.0,0.1,0.95,False,50.83269595037528,50832.69595037528,55663.90295860554,91.32075411272727,4831.20700823026,0.623,0.853,0.07361899897989639,0.012086905393903375,5.117706791999979,tm_tw_gated_offline_low_rank,context_noise_refinement
tm_tw_refined,20264178,1000,8,2,0.0,0.45,0.0,gated_offline_low_rank,1.0,1.0,deterministic,20.0,0.1,0.95,False,52.81736871518122,52817.36871518122,53382.971983667056,98.94047999302308,565.6032684858365,0.72,0.892,0.06958239529531614,0.014071281692033878,5.137370207999993,tm_tw_refined_gated_offline_low_rank,context_noise_refinement
tw,20262354,1000,8,2,0.0,0.45,0.0,support_offline,1.0,1.0,deterministic,20.0,0.1,0.95,True,53.0134765107298,53013.4765107298,54518.66676615119,97.23912864216277,1505.1902554213884,0.774,0.908,0.05644646118078556,1.2857397357811585e-07,4.679593582999985,tw_support_offline,context_noise_refinement
tm_tw,20262674,1000,8,2,0.0,0.45,0.0,support_offline,1.0,1.0,deterministic,20.0,0.1,0.95,True,51.880334940034956,51880.334940034954,54695.52938043424,94.85297158234226,2815.194440399282,0.716,0.862,0.05678212877065811,1.3078719094833917e-07,4.916292583000029,tm_tw_support_offline,context_noise_refinement
tm_tw_refined,20263502,1000,8,2,0.0,0.45,0.0,support_offline,1.0,1.0,deterministic,20.0,0.1,0.95,True,54.31579247292596,54315.79247292596,55494.72581457028,97.87559389772714,1178.9333416443187,0.826,0.939,0.05566088427513595,1.104080573450884e-07,4.888243124999974,tm_tw_refined_support_offline,context_noise_refinement
oracle,20261646,1000,8,2,0.0,0.45,0.0,dense,1.0,1.0,deterministic,20.0,0.1,0.95,False,48.77829061368896,48778.29061368896,48778.29061368896,100.0,0.0,1.0,1.0,0.1136643232438338,0.021902516303691572,0.19628562500003,oracle,context_noise_refinement
state_thompson,20262544,1000,8,2,0.0,0.45,0.0,dense,1.0,1.0,deterministic,20.0,0.1,0.95,False,43.860453003149686,43860.45300314968,44318.44654808224,98.96658484083898,457.9935449325567,0.599,0.748,0.10781353677959654,0.030055439385853373,0.22269787499999438,state_thompson,context_noise_refinement
global_ucb_tw,20262380,1000,8,2,0.0,0.45,0.0,dense,1.0,1.0,deterministic,20.0,0.1,0.95,False,46.93850588340958,46938.50588340958,48665.85330065347,96.45059667078581,1727.3474172438873,0.754,0.876,0.11524503949391934,0.01832897063679874,4.778521917000035,global_ucb_tw_dense,context_noise_refinement
local_ucb_tw,20262278,1000,8,2,0.0,0.45,0.0,dense,1.0,1.0,deterministic,20.0,0.1,0.95,False,47.326210142083504,47326.2101420835,48529.331579914346,97.52083657725713,1203.1214378308432,0.769,0.87,0.11863247084616084,0.02704311208531866,4.722005874999979,local_ucb_tw_dense,context_noise_refinement
exp4,20261401,1000,8,2,0.0,0.45,0.0,dense,1.0,1.0,deterministic,20.0,0.1,0.95,False,45.09586694450774,45095.86694450774,45745.19289992764,98.58055914893535,649.325955419903,0.577,0.688,0.12544475513788952,0.03777629932927235,4.897693290999996,exp4_dense,context_noise_refinement
tw,20261251,1000,8,2,0.0,0.45,0.0,dense,1.0,1.0,deterministic,20.0,0.1,0.95,False,47.660438532138855,47660.438532138854,48886.56413727613,97.49189654299647,1226.1256051372766,0.803,0.91,0.11700465936214952,0.01593800349489543,4.679129375000002,tw_dense,context_noise_refinement
tm_tw,20261571,1000,8,2,0.0,0.45,0.0,dense,1.0,1.0,deterministic,20.0,0.1,0.95,False,46.225033620822245,46225.03362082224,47774.56221371617,96.75658232939485,1549.5285928939265,0.791,0.89,0.10870050415906625,0.01627315711385288,4.79609083400004,tm_tw_dense,context_noise_refinement
tm_tw_refined,20262399,1000,8,2,0.0,0.45,0.0,dense,1.0,1.0,deterministic,20.0,0.1,0.95,False,45.434043174967215,45434.04317496721,46757.50463446213,97.1695207649737,1323.4614594949162,0.708,0.82,0.10749087565565109,0.029099163565176514,4.666134916000033,tm_tw_refined_dense,context_noise_refinement
tw,20262075,1000,8,2,0.0,0.45,0.0,gated_offline,1.0,1.0,deterministic,20.0,0.1,0.95,False,47.449943862234974,47449.94386223498,48603.44057037096,97.62671799650504,1153.4967081359864,0.818,0.92,0.06893349432813659,0.014971490118298916,4.606008416000009,tw_gated_offline,context_noise_refinement
tm_tw,20262395,1000,8,2,0.0,0.45,0.0,gated_offline,1.0,1.0,deterministic,20.0,0.1,0.95,False,47.459483303822275,47459.48330382227,48852.67334852473,97.14818054118929,1393.19004470246,0.798,0.91,0.06999435247687671,0.014184474116451164,4.667351084000018,tm_tw_gated_offline,context_noise_refinement
tm_tw_refined,20263223,1000,8,2,0.0,0.45,0.0,gated_offline,1.0,1.0,deterministic,20.0,0.1,0.95,False,47.76630822454138,47766.30822454138,48011.37137038358,99.48957270153427,245.06314584219945,0.769,0.863,0.07366822358261345,0.015164477399829722,4.723454042000014,tm_tw_refined_gated_offline,context_noise_refinement
tw,20263031,1000,8,2,0.0,0.45,0.0,gated_offline_low_rank,1.0,1.0,deterministic,20.0,0.1,0.95,False,46.0261336740793,46026.1336740793,48846.30862205077,94.22643178670343,2820.174947971471,0.738,0.899,0.06493049881748485,0.012034374153521233,5.037404332999984,tw_gated_offline_low_rank,context_noise_refinement
tm_tw,20263351,1000,8,2,0.0,0.45,0.0,gated_offline_low_rank,1.0,1.0,deterministic,20.0,0.1,0.95,False,42.736717473590836,42736.717473590834,45686.514106528746,93.54339745409384,2949.7966329379124,0.563,0.656,0.0706355818263201,0.01992718883280329,5.108693792000054,tm_tw_gated_offline_low_rank,context_noise_refinement
tm_tw_refined,20264179,1000,8,2,0.0,0.45,0.0,gated_offline_low_rank,1.0,1.0,deterministic,20.0,0.1,0.95,False,47.530059370769784,47530.059370769784,48515.645117437605,97.96851975423165,985.5857466678208,0.7,0.803,0.0723917545511985,0.016296844881556326,5.177346624999984,tm_tw_refined_gated_offline_low_rank,context_noise_refinement
tw,20262355,1000,8,2,0.0,0.45,0.0,support_offline,1.0,1.0,deterministic,20.0,0.1,0.95,True,46.10796913703709,46107.969137037086,48641.42461893575,94.79156808883347,2533.4554818986653,0.707,0.816,0.05438577845192495,1.3182621742393088e-07,4.636668541999995,tw_support_offline,context_noise_refinement
tm_tw,20262675,1000,8,2,0.0,0.45,0.0,support_offline,1.0,1.0,deterministic,20.0,0.1,0.95,True,47.76432612896229,47764.32612896229,49118.07091264029,97.24389667891127,1353.7447836779975,0.76,0.845,0.04841225640989638,1.270897513482187e-07,4.706287750000001,tm_tw_support_offline,context_noise_refinement
tm_tw_refined,20263503,1000,8,2,0.0,0.45,0.0,support_offline,1.0,1.0,deterministic,20.0,0.1,0.95,True,47.07014664410389,47070.146644103894,48238.316839190535,97.57833549835308,1168.170195086641,0.806,0.897,0.05246914274289885,1.3151339739894667e-07,4.710525958999995,tm_tw_refined_support_offline,context_noise_refinement
oracle,20261647,1000,8,2,0.0,0.45,0.0,dense,1.0,1.0,deterministic,20.0,0.1,0.95,False,38.164483207056165,38164.48320705617,38164.48320705617,100.0,0.0,1.0,1.0,0.11388368025927927,0.031766490153627897,0.20252116699998624,oracle,context_noise_refinement
state_thompson,20262545,1000,8,2,0.0,0.45,0.0,dense,1.0,1.0,deterministic,20.0,0.1,0.95,False,38.670335284293465,38670.33528429346,38610.283941453315,100.1555319896927,-60.05134284014639,0.627,0.833,0.11324897456266154,0.03224820346905575,0.21310154200000397,state_thompson,context_noise_refinement
global_ucb_tw,20262381,1000,8,2,0.0,0.45,0.0,dense,1.0,1.0,deterministic,20.0,0.1,0.95,False,37.12809616278098,37128.096162780974,39221.67367651999,94.66219230977812,2093.5775137390156,0.7,0.888,0.10714676004100804,0.018299281206114973,4.6211838750000425,global_ucb_tw_dense,context_noise_refinement
local_ucb_tw,20262279,1000,8,2,0.0,0.45,0.0,dense,1.0,1.0,deterministic,20.0,0.1,0.95,False,36.71331205555756,36713.31205555756,37991.987218614755,96.63435567163306,1278.6751630571962,0.68,0.853,0.11188928033092119,0.024315213198168175,4.619156999999973,local_ucb_tw_dense,context_noise_refinement
exp4,20261402,1000,8,2,0.0,0.45,0.0,dense,1.0,1.0,deterministic,20.0,0.1,0.95,False,37.81982417245229,37819.824172452296,37553.91140793852,100.70808273903945,-265.9127645137778,0.69,0.903,0.11867864843436415,0.034106211218454426,4.688490750000028,exp4_dense,context_noise_refinement
tw,20261252,1000,8,2,0.0,0.45,0.0,dense,1.0,1.0,deterministic,20.0,0.1,0.95,False,36.43994733484081,36439.94733484081,38479.1810384404,94.70042332355666,2039.2337035995952,0.697,0.867,0.11830787702291176,0.01376220906224687,4.52649129100007,tw_dense,context_noise_refinement
tm_tw,20261572,1000,8,2,0.0,0.45,0.0,dense,1.0,1.0,deterministic,20.0,0.1,0.95,False,35.32886133527449,35328.86133527449,37591.43193511462,93.9811534613912,2262.5705998401318,0.57,0.761,0.11299223789988239,0.014861175386713697,4.641056708000065,tm_tw_dense,context_noise_refinement
tm_tw_refined,20262400,1000,8,2,0.0,0.45,0.0,dense,1.0,1.0,deterministic,20.0,0.1,0.95,False,37.04569382685558,37045.69382685558,37542.57259411655,98.67649249125023,496.87876726096874,0.766,0.917,0.1124517414436544,0.021338561647875294,4.638241707999896,tm_tw_refined_dense,context_noise_refinement
tw,20262076,1000,8,2,0.0,0.45,0.0,gated_offline,1.0,1.0,deterministic,20.0,0.1,0.95,False,36.152174358289,36152.174358289005,38797.81416285973,93.18095655217779,2645.6398045707247,0.587,0.762,0.06890988183247479,0.014803756202810719,4.559410667000066,tw_gated_offline,context_noise_refinement
tm_tw,20262396,1000,8,2,0.0,0.45,0.0,gated_offline,1.0,1.0,deterministic,20.0,0.1,0.95,False,35.19169503657035,35191.69503657035,37744.463507751774,93.23670749577047,2552.768471181422,0.575,0.77,0.06439139265107169,0.014708320652853038,4.662227917000109,tm_tw_gated_offline,context_noise_refinement
tm_tw_refined,20263224,1000,8,2,0.0,0.45,0.0,gated_offline,1.0,1.0,deterministic,20.0,0.1,0.95,False,36.084116237241844,36084.11623724184,37707.683858370445,95.69433214931284,1623.5676211286045,0.68,0.839,0.06693663829011536,0.013548719680097228,4.657941583000024,tm_tw_refined_gated_offline,context_noise_refinement
tw,20263032,1000,8,2,0.0,0.45,0.0,gated_offline_low_rank,1.0,1.0,deterministic,20.0,0.1,0.95,False,34.332648439727286,34332.64843972729,37790.454612095506,90.85005404708339,3457.8061723682185,0.606,0.838,0.07289172821789214,0.013584590898113038,4.98128004199998,tw_gated_offline_low_rank,context_noise_refinement
tm_tw,20263352,1000,8,2,0.0,0.45,0.0,gated_offline_low_rank,1.0,1.0,deterministic,20.0,0.1,0.95,False,36.24678770582203,36246.78770582203,38638.822745821075,93.80924451105915,2392.035039999042,0.567,0.755,0.06821001534519323,0.013886177837141947,5.077821583999935,tm_tw_gated_offline_low_rank,context_noise_refinement
tm_tw_refined,20264180,1000,8,2,0.0,0.45,0.0,gated_offline_low_rank,1.0,1.0,deterministic,20.0,0.1,0.95,False,36.526388467595744,36526.388467595745,37604.88721801548,97.13202503662063,1078.4987504197343,0.651,0.877,0.07513255389023657,0.013539656133122835,5.090304250000031,tm_tw_refined_gated_offline_low_rank,context_noise_refinement
tw,20262356,1000,8,2,0.0,0.45,0.0,support_offline,1.0,1.0,deterministic,20.0,0.1,0.95,True,35.04287194153046,35042.87194153046,37082.15809056878,94.5006271100576,2039.286149038322,0.67,0.887,0.05778301265481632,1.1287822541352912e-07,4.628880084000002,tw_support_offline,context_noise_refinement
tm_tw,20262676,1000,8,2,0.0,0.45,0.0,support_offline,1.0,1.0,deterministic,20.0,0.1,0.95,True,34.8981976025311,34898.1976025311,37288.34255995415,93.59010137396145,2390.14495742305,0.648,0.858,0.06513853275224898,1.0716321321954626e-07,4.663207958000044,tm_tw_support_offline,context_noise_refinement
tm_tw_refined,20263504,1000,8,2,0.0,0.45,0.0,support_offline,1.0,1.0,deterministic,20.0,0.1,0.95,True,37.78088426922224,37780.88426922224,38702.4614961566,97.6188149505016,921.5772269343579,0.711,0.906,0.055081617938890944,1.253317253332167e-07,4.682700209000018,tm_tw_refined_support_offline,context_noise_refinement
oracle,20261648,1000,8,2,0.0,0.45,0.0,dense,1.0,1.0,deterministic,20.0,0.1,0.95,False,37.34895970029921,37348.95970029921,37348.95970029921,100.0,0.0,1.0,1.0,0.11110271788197296,0.025245598553501825,0.1923236249999718,oracle,context_noise_refinement
state_thompson,20262546,1000,8,2,0.0,0.45,0.0,dense,1.0,1.0,deterministic,20.0,0.1,0.95,False,32.27746249262912,32277.46249262912,35842.64738422904,90.05323224765863,3565.1848915999217,0.524,0.77,0.12062988542563169,0.025493696409458012,0.21365412499994818,state_thompson,context_noise_refinement
global_ucb_tw,20262382,1000,8,2,0.0,0.45,0.0,dense,1.0,1.0,deterministic,20.0,0.1,0.95,False,33.583442509352125,33583.44250935213,36161.54522402427,92.8705958257576,2578.102714672139,0.635,0.872,0.10849440259218796,0.021526422276950837,4.63553679100005,global_ucb_tw_dense,context_noise_refinement
local_ucb_tw,20262280,1000,8,2,0.0,0.45,0.0,dense,1.0,1.0,deterministic,20.0,0.1,0.95,False,35.51799935488746,35517.999354887455,37708.393455233934,94.19122932684247,2190.394100346479,0.695,0.877,0.10638089035833138,0.015422812206441807,4.609628166999983,local_ucb_tw_dense,context_noise_refinement
exp4,20261403,1000,8,2,0.0,0.45,0.0,dense,1.0,1.0,deterministic,20.0,0.1,0.95,False,35.74628106738751,35746.28106738751,36335.90340331275,98.37730101442453,589.6223359252399,0.689,0.83,0.09924324383387856,0.027372021773773514,4.685968666999997,exp4_dense,context_noise_refinement
tw,20261253,1000,8,2,0.0,0.45,0.0,dense,1.0,1.0,deterministic,20.0,0.1,0.95,False,35.06975387407981,35069.753874079805,37709.30075024032,93.00027626170264,2639.5468761605152,0.688,0.869,0.11180923007815956,0.014570892737066887,4.537633374999928,tw_dense,context_noise_refinement
tm_tw,20261573,1000,8,2,0.0,0.45,0.0,dense,1.0,1.0,deterministic,20.0,0.1,0.95,False,33.44703398108526,33447.03398108526,36310.5404792026,92.11384226087888,2863.506498117342,0.555,0.784,0.11115089341859748,0.027902764345249027,4.646707459000027,tm_tw_dense,context_noise_refinement
tm_tw_refined,20262401,1000,8,2,0.0,0.45,0.0,dense,1.0,1.0,deterministic,20.0,0.1,0.95,False,36.58138833106748,36581.38833106748,37330.00169264938,97.99460667656678,748.6133615818981,0.802,0.931,0.10891189095037258,0.01792265152477807,4.641036041000007,tm_tw_refined_dense,context_noise_refinement
tw,20262077,1000,8,2,0.0,0.45,0.0,gated_offline,1.0,1.0,deterministic,20.0,0.1,0.95,False,36.12219069570901,36122.19069570901,37157.55313680752,97.2135882110254,1035.3624410985067,0.811,0.931,0.06756219027060706,0.01315133260316416,4.55591420799999,tw_gated_offline,context_noise_refinement
tm_tw,20262397,1000,8,2,0.0,0.45,0.0,gated_offline,1.0,1.0,deterministic,20.0,0.1,0.95,False,35.75216433469565,35752.16433469565,36956.39225511173,96.74148950443204,1204.2279204160805,0.786,0.913,0.06433491453484644,0.01371655051593264,4.652219500000001,tm_tw_gated_offline,context_noise_refinement
tm_tw_refined,20263225,1000,8,2,0.0,0.45,0.0,gated_offline,1.0,1.0,deterministic,20.0,0.1,0.95,False,33.951039478804155,33951.03947880415,35691.388420679636,95.12389677486706,1740.3489418754834,0.616,0.864,0.0729764010226207,0.014498480368830146,4.6598877090000315,tm_tw_refined_gated_offline,context_noise_refinement
tw,20263033,1000,8,2,0.0,0.45,0.0,gated_offline_low_rank,1.0,1.0,deterministic,20.0,0.1,0.95,False,33.40894488675483,33408.944886754834,36111.94050113938,92.5149532900364,2702.9956143845484,0.57,0.83,0.07371503045972094,0.01382285773851241,4.9900717079999595,tw_gated_offline_low_rank,context_noise_refinement
tm_tw,20263353,1000,8,2,0.0,0.45,0.0,gated_offline_low_rank,1.0,1.0,deterministic,20.0,0.1,0.95,False,33.178647148862176,33178.647148862176,37002.842742117544,89.66513027145729,3824.1955932553683,0.678,0.846,0.0745349269599488,0.012880100326561698,5.091048207999961,tm_tw_gated_offline_low_rank,context_noise_refinement
tm_tw_refined,20264181,1000,8,2,0.0,0.45,0.0,gated_offline_low_rank,1.0,1.0,deterministic,20.0,0.1,0.95,False,35.33096744195406,35330.96744195406,37106.00374045452,95.2163097084873,1775.0362985004613,0.702,0.882,0.0676342402660923,0.01429443760846722,5.123687790999952,tm_tw_refined_gated_offline_low_rank,context_noise_refinement
tw,20262357,1000,8,2,0.0,0.45,0.0,support_offline,1.0,1.0,deterministic,20.0,0.1,0.95,True,35.756512274931836,35756.51227493184,37187.583909649205,96.15174882510709,1431.0716347173657,0.742,0.909,0.05564262434165211,1.075628936278283e-07,4.704238958000019,tw_support_offline,context_noise_refinement
tm_tw,20262677,1000,8,2,0.0,0.45,0.0,support_offline,1.0,1.0,deterministic,20.0,0.1,0.95,True,35.24027559812221,35240.27559812221,37236.41699112432,94.63927640116954,1996.1413930021154,0.69,0.884,0.05228131286362284,1.1500261999507302e-07,4.899495958999978,tm_tw_support_offline,context_noise_refinement
tm_tw_refined,20263505,1000,8,2,0.0,0.45,0.0,support_offline,1.0,1.0,deterministic,20.0,0.1,0.95,True,33.798469609578866,33798.46960957887,36091.377488488826,93.64693719534182,2292.9078789099585,0.572,0.795,0.05893638970245839,1.0691059362704898e-07,4.729411208999977,tm_tw_refined_support_offline,context_noise_refinement
oracle,20261649,1000,8,2,0.0,0.45,0.0,dense,1.0,1.0,deterministic,20.0,0.1,0.95,False,45.77857826965903,45778.57826965903,45778.57826965903,100.0,0.0,1.0,1.0,0.11761737384666993,0.02760261508972261,0.19240320900007646,oracle,context_noise_refinement
state_thompson,20262547,1000,8,2,0.0,0.45,0.0,dense,1.0,1.0,deterministic,20.0,0.1,0.95,False,41.52786307030518,41527.86307030518,44755.637542005294,92.78800470963978,3227.7744717001115,0.559,0.797,0.10476347557417266,0.032417446532480944,0.21500429200000326,state_thompson,context_noise_refinement
global_ucb_tw,20262383,1000,8,2,0.0,0.45,0.0,dense,1.0,1.0,deterministic,20.0,0.1,0.95,False,41.73496121202053,41734.96121202053,45253.50469956701,92.22481549019086,3518.5434875464853,0.687,0.877,0.11669937519327933,0.02568954708476673,4.629007249999972,global_ucb_tw_dense,context_noise_refinement
local_ucb_tw,20262281,1000,8,2,0.0,0.45,0.0,dense,1.0,1.0,deterministic,20.0,0.1,0.95,False,40.55052688078003,40550.52688078003,44662.833239042026,90.79255376332189,4112.306358261994,0.675,0.879,0.1014588892528842,0.014747298533336712,4.625652375000072,local_ucb_tw_dense,context_noise_refinement
exp4,20261404,1000,8,2,0.0,0.45,0.0,dense,1.0,1.0,deterministic,20.0,0.1,0.95,False,43.167342538081314,43167.34253808131,45850.63496563348,94.14775296009886,2683.2924275521655,0.651,0.883,0.1126922361798501,0.03419417963923554,4.704687290999914,exp4_dense,context_noise_refinement
tw,20261254,1000,8,2,0.0,0.45,0.0,dense,1.0,1.0,deterministic,20.0,0.1,0.95,False,41.438500958870215,41438.500958870216,44995.19411838832,92.09539323208614,3556.6931595181013,0.723,0.903,0.11183122570952679,0.026130584024428704,4.620823832999918,tw_dense,context_noise_refinement
tm_tw,20261574,1000,8,2,0.0,0.45,0.0,dense,1.0,1.0,deterministic,20.0,0.1,0.95,False,43.23531543458028,43235.315434580276,45573.79987219387,94.86879644846033,2338.484437613595,0.76,0.904,0.12785871006566527,0.018530610399571275,4.643768459000057,tm_tw_dense,context_noise_refinement
tm_tw_refined,20262402,1000,8,2,0.0,0.45,0.0,dense,1.0,1.0,deterministic,20.0,0.1,0.95,False,44.31873726110479,44318.73726110479,45608.591211210485,97.17190574001187,1289.8539501056948,0.799,0.941,0.11004704967833305,0.018649461895053863,4.656293541999958,tm_tw_refined_dense,context_noise_refinement
tw,20262078,1000,8,2,0.0,0.45,0.0,gated_offline,1.0,1.0,deterministic,20.0,0.1,0.95,False,42.36118975615945,42361.189756159445,45855.52912077715,92.3796771477348,3494.3393646177065,0.646,0.86,0.07174755060766849,0.014030693203821915,4.5608308329999545,tw_gated_offline,context_noise_refinement
tm_tw,20262398,1000,8,2,0.0,0.45,0.0,gated_offline,1.0,1.0,deterministic,20.0,0.1,0.95,False,42.69480181237624,42694.80181237624,45457.08201862803,93.92332265163913,2762.280206251795,0.675,0.929,0.06293215688592704,0.013227336901510718,4.66288079200001,tm_tw_gated_offline,context_noise_refinement
tm_tw_refined,20263226,1000,8,2,0.0,0.45,0.0,gated_offline,1.0,1.0,deterministic,20.0,0.1,0.95,False,45.61749540447673,45617.49540447673,46395.68633257825,98.3227084463775,778.1909281015178,0.842,0.96,0.07113971607301794,0.016609570445334378,4.6766494999999395,tm_tw_refined_gated_offline,context_noise_refinement
tw,20263034,1000,8,2,0.0,0.45,0.0,gated_offline_low_rank,1.0,1.0,deterministic,20.0,0.1,0.95,False,39.02304160413488,39023.04160413488,44346.590886938924,87.99558393028143,5323.549282804044,0.506,0.775,0.07487432020082636,0.016904901224737392,4.992159333000018,tw_gated_offline_low_rank,context_noise_refinement
tm_tw,20263354,1000,8,2,0.0,0.45,0.0,gated_offline_low_rank,1.0,1.0,deterministic,20.0,0.1,0.95,False,41.933509805931116,41933.50980593111,45203.355626350254,92.76636485253971,3269.845820419141,0.572,0.806,0.06225497585532466,0.015037754577137102,5.114520458000015,tm_tw_gated_offline_low_rank,context_noise_refinement
tm_tw_refined,20264182,1000,8,2,0.0,0.45,0.0,gated_offline_low_rank,1.0,1.0,deterministic,20.0,0.1,0.95,False,44.516275054394036,44516.275054394035,45569.465014148394,97.68882527054605,1053.1899597543597,0.757,0.931,0.07172290175093667,0.012852642947339728,5.111800750000043,tm_tw_refined_gated_offline_low_rank,context_noise_refinement
tw,20262358,1000,8,2,0.0,0.45,0.0,support_offline,1.0,1.0,deterministic,20.0,0.1,0.95,True,44.16542400904241,44165.424009042414,45803.98310575147,96.42267116175033,1638.5590967090538,0.813,0.941,0.046276778153313956,1.1219821003755725e-07,4.574500499999999,tw_support_offline,context_noise_refinement
tm_tw,20262678,1000,8,2,0.0,0.45,0.0,support_offline,1.0,1.0,deterministic,20.0,0.1,0.95,True,39.375645758812254,39375.64575881226,45466.751147195595,86.60316553372422,6091.105388383337,0.653,0.899,0.052018966171919,1.279147736297319e-07,4.669221291999975,tm_tw_support_offline,context_noise_refinement
tm_tw_refined,20263506,1000,8,2,0.0,0.45,0.0,support_offline,1.0,1.0,deterministic,20.0,0.1,0.95,True,44.45609697109669,44456.09697109669,45802.160540868615,97.06113520874008,1346.0635697719263,0.743,0.95,0.04756556152612421,1.4026502494524642e-07,4.678537791999929,tm_tw_refined_support_offline,context_noise_refinement
